"","E.surv","E.surv.se","E.temp"
"1",10.3061428571429,6.49014285714286,5
"2",49.2244285714286,2.70185714285714,10
"3",31.4167142857143,7.47057142857143,15
"4",39.2142857142857,7.44185714285714,20
"5",7.81628571428571,2.261,26
"6",4.95242857142857,1.517,30
"7",0.0204285714285714,0.0188571428571429,36
