"","I.surv","I.surv.se","I.temp"
"1",4.06128571428571,0.595285714285714,5
"2",41.7857142857143,4.74571428571429,10
"3",38.2242857142857,3.59157142857143,15
"4",14.2678571428571,1.55328571428571,20
"5",8.32657142857143,0.692428571428572,26
"6",5.20414285714286,0.517428571428571,30
"7",0.0815714285714286,0.0687142857142857,36
