"","S.surv","S.surv.se","S.temp"
"1",5.92857142857143,1.57142857142857,5
"2",44.9,3.87142857142857,14
"3",52.1428571428571,0,20
"4",11.0714285714286,3.62857142857143,30
"5",5.37142857142857,0.885714285714286,34
